{
  "zed_tf": [
    0.1176998,
    0.114905,
    0
  ],
  "rplidar_tf": [
    0.0801998,
    0.17068,
    1.38778E-17
  ],
  "bounding_box_max": [
    [
      -0.500663781,
      -0.186784927
    ],
    [
      -0.500663781,
      0.186784927
    ],
    [
      -0.0842645,
      0.186784927
    ],
    [
      -0.0842645,
      0.250748756
    ],
    [
      0.0842645,
      0.250748756
    ],
    [
      0.0842645,
      0.153217622
    ],
    [
      0.1460908,
      0.153217622
    ],
    [
      0.1460908,
      -0.153217622
    ],
    [
      0.0842645,
      -0.153217622
    ],
    [
      0.0842645,
      -0.250748756
    ],
    [
      -0.0842645,
      -0.250748756
    ],
    [
      -0.0842645,
      -0.186784927
    ]
  ],
  "bounding_box_min": [
    [
      -0.500663781,
      -0.186784927
    ],
    [
      -0.500663781,
      0.186784927
    ],
    [
      -0.0842645,
      0.186784927
    ],
    [
      -0.0842645,
      0.250748756
    ],
    [
      0.0842645,
      0.250748756
    ],
    [
      0.0842645,
      0.153217622
    ],
    [
      0.1460908,
      0.153217622
    ],
    [
      0.1460908,
      -0.153217622
    ],
    [
      0.0842645,
      -0.153217622
    ],
    [
      0.0842645,
      -0.250748756
    ],
    [
      -0.0842645,
      -0.250748756
    ],
    [
      -0.0842645,
      -0.186784927
    ]
  ]
}
